Feature,Percentage,API_Category
NtAllocateVirtualMemory,10.18%,Kernal Management
NtProtectVirtualMemory,9.70%,Kernal Management
LdrGetProcedureAddress,7.41%,System Management
NtFreeVirtualMemory,6.78%,Kernal Management
FindResourceExA,5.74%,Resource Management
NtClose,5.40%,Memory Management
GetSystemTimeAsFileTime,4.70%,System Information
NtDelayExecution,3.64%,System Management
NtDelayExecution,3.64%,System Management
NtDeviceIoControlFile,2.85%,File System
GetSystemInfo,2.47%,System Information
NtCreateFile,2.42%,File System
NtCreateFile,2.42%,File System
GetFileAttributesW,2.26%,File System
__exception__,2.15%,Exception Handling
GetFileAttributesExW,2.12%,File System
LoadStringW,2.08%,Windows API
RegQueryValueExW,2.03%,Registry
RegOpenKeyExW,2.01%,Registry
RegOpenKeyExW,2.01%,Registry
GetSystemMetrics,1.85%,System Information
GetFileType,1.83%,File System
NtQueryInformationFile,1.50%,File System
RegOpenKeyExA,1.29%,Registry
GetFileSizeEx,1.26%,File System
RegQueryValueExA,1.16%,Registry
NtOpenFile,1.08%,File System
NtSetInformationFile,0.99%,File System
GetFileSize,0.89%,File System
SetFilePointer,0.71%,File System
SetFilePointer,0.71%,File System
CryptHashData,0.63%,Windows API
CryptCreateHash,0.53%,Windows API
SetFileTime,0.51%,File System
DeleteFileW,0.49%,File System
SetFilePointerEx,0.37%,File System
WriteConsoleW,0.30%,Console
NtReadVirtualMemory,0.25%,Kernal Management
SetFileAttributesW,0.18%,File System
GetCursorPos,0.17%,Windows API
GetAsyncKeyState,0.17%,Windows API
CryptDecrypt,0.12%,Windows API
SearchPathW,0.10%,File System
GetKeyState,0.08%,Windows API
Process32NextW,0.05%,Process Management
MoveFileWithProgressW,0.03%,File System
