Feature,Percentage,Category
NtProtectVirtualMemory,7.86%,Memory Management
NtAllocateVirtualMemory,6.81%,Memory Management
NtFreeVirtualMemory,2.93%,Memory Management
LdrLoadDll,6.61%,System Management
LdrGetProcedureAddress,4.80%,System Management
Module32FirstW,4.68%,System Information
CreateToolhelp32Snapshot,3.46%,System Information
LdrGetDllHandle,2.71%,System Management
NtQueryValueKey,0.90%,Registry Operations
CreateProcessInternalW,4.40%,Process Management
NtDelayExecution,3.07%,System Management
NtClose,3.84%,System Management
WSAStartup,2.08%,Networking
GetSystemTimeAsFileTime,3.25%,System Information
NtTerminateProcess,1.80%,Process Management
SetErrorMode,1.19%,Error Handling
__exception__,1.84%,Error Handling
NtOpenKey,1.93%,Registry Operations
SetUnhandledExceptionFilter,1.22%,Error Handling
closesocket,2.92%,Networking
LdrUnloadDll,1.33%,System Management
FindResourceExA,1.55%,Resource Management
FindFirstFileExW,0.75%,File System
GetSystemMetrics,0.52%,System Information
CoCreateInstance,1.93%,Component Object Model
NtDeviceIoControlFile,1.32%,Device Management
LoadStringW,1.96%,Resource Management
RegOpenKeyExW,1.31%,Registry Operations
GetSystemInfo,1.04%,System Information
NtGetContextThread,0.92%,Thread Management
RegEnumValueW,0.99%,Registry Operations
RegCloseKey,0.75%,Registry Operations
GlobalMemoryStatusEx,1.58%,System Information
setsockopt,0.86%,Networking
GetFileAttributesW,1.10%,File System
NtMapViewOfSection,1.34%,Memory Management
NtSetContextThread,0.95%,Thread Management
CoUninitialize,0.87%,Component Object Model
CreateDirectoryW,0.92%,File System
NtCreateFile,0.94%,File System
GetTempPathW,0.74%,File System
LookupPrivilegeValueW,1.02%,Security
CreateThread,0.70%,Thread Management
NtOpenKeyEx,0.94%,Registry Operations
GetFileType,0.82%,File System
NtCreateMutant,1.29%,Thread Management
NtResumeThread,0.94%,Thread Management
NtDuplicateObject,1.52%,Process Management
IsDebuggerPresent,0.33%,Security
socket,0.40%,Networking
